{"cameraMode":{"drawMode":0,"name":"Shaded","section":"Shading Mode"},"sceneLighting":false,"audioPlay":false,"sceneViewState":{"showFog":false,"showMaterialUpdate":false,"showSkybox":false,"showFlares":false,"showImageEffects":false,"showParticleSystems":true},"in2DMode":false,"pivot":{"x":-3.8798604011535646,"y":1.0,"z":-7.826624870300293},"rotation":{"x":0.31407660245895388,"y":-0.04241061583161354,"z":0.014045655727386475,"w":0.9483458995819092},"size":1.4289418458938599,"orthographic":false}