{"cameraMode":{"drawMode":0,"name":"Shaded","section":"Shading Mode"},"sceneLighting":false,"audioPlay":false,"sceneViewState":{"showFog":false,"showMaterialUpdate":false,"showSkybox":false,"showFlares":false,"showImageEffects":false,"showParticleSystems":true},"in2DMode":false,"pivot":{"x":-40757.7421875,"y":59026.77734375,"z":-9968.3056640625},"rotation":{"x":-0.2410503476858139,"y":-0.19067154824733735,"z":0.048361439257860187,"w":-0.9503685235977173},"size":40.010372161865237,"orthographic":false}