{"cameraMode":{"drawMode":0,"name":"Shaded","section":"Shading Mode"},"sceneLighting":false,"audioPlay":false,"sceneViewState":{"showFog":false,"showMaterialUpdate":false,"showSkybox":false,"showFlares":false,"showImageEffects":false,"showParticleSystems":true},"in2DMode":false,"pivot":{"x":1.2163159847259522,"y":1.808665156364441,"z":-5.667839050292969},"rotation":{"x":-0.00003777086021727882,"y":0.9999197125434876,"z":-0.012314466759562493,"w":-0.0030085898470133545},"size":10.7289457321167,"orthographic":false}