{"cameraMode":{"drawMode":0,"name":"Shaded","section":"Shading Mode"},"sceneLighting":false,"audioPlay":false,"sceneViewState":{"showFog":false,"showMaterialUpdate":false,"showSkybox":false,"showFlares":false,"showImageEffects":false,"showParticleSystems":true},"in2DMode":false,"pivot":{"x":-4.767556190490723,"y":0.6523147821426392,"z":2.059358596801758},"rotation":{"x":0.04787497967481613,"y":-0.3431125283241272,"z":0.01751396432518959,"w":0.9379099607467651},"size":6.17373514175415,"orthographic":false}