{"cameraMode":{"drawMode":0,"name":"Shaded","section":"Shading Mode"},"sceneLighting":false,"audioPlay":false,"sceneViewState":{"showFog":false,"showMaterialUpdate":false,"showSkybox":false,"showFlares":false,"showImageEffects":false,"showParticleSystems":true},"in2DMode":false,"pivot":{"x":8.277193069458008,"y":0.7024754881858826,"z":18.914106369018556},"rotation":{"x":0.08666215091943741,"y":0.5340311527252197,"z":-0.05514819175004959,"w":0.8392015099525452},"size":2.8578836917877199,"orthographic":false}